title,rating,reviews,availability
"CHICKOR Squirrel Whisperer Gifts for Men, Squirrel Lovers, Women- Stainless Steel Squirrel Coffee Mug/Animal Cup/Tumbler 14oz set with Straw, Lid, Greeting Card,Gift Box and Keychain",5.0 out of 5 stars,7 ratings,In Stock
"Panvola The Squirrel Whisperer Squirrel Lover Gifts For Women Men Fall Gifts For Wife Girlfriend Sister From Husband Brother Boyfriend Dad Mom Novelty Drinkware Ceramic Coffee Mug (White, 11 oz)",4.7 out of 5 stars,17 ratings,In Stock
WSNANG Squirrel Keychain Squirrel Lover Gifts Animal Squirrels Jewelry Nature Lover,4.6 out of 5 stars,15 ratings,In Stock
Squirrel Charm 925 Sterling Silver Animal Charm Lucky Charm for Pandora Bracelet (E),4.3 out of 5 stars,30 ratings,Not Available
Silver Plated Squirrel Cage Pendants Crafting Charm for DIY Necklace Bracelet Jewelry Making,4.6 out of 5 stars,3 ratings,Not Available
Acorn Nut Good Fortune Charm Compatible with Pandora Bracelets Necklaces Pendants Oak Trees Lucky Prosperity Youthfulness,4.0 out of 5 stars,1 rating,In Stock
"Sufamb Squirrel Decorative Pillow Cover, 18 x 18 Inch, Flannel, Animal Print, Animal Lover Gifts, Home Decor",4.5 out of 5 stars,15 ratings,In Stock
20pcs Charms Cute Squirrel Animal Pendants Bulk Tibetan Silver for DIY Craft Bracelet Necklace Jewelry Making Alloy Vintage Pendants 20 X 19mm (Ancient Silver),5.0 out of 5 stars,1 rating,Not Available
Squirrel Necklace Sterling Silver Squirrel Pendant Fashion Jewelry Gift for Women,4.8 out of 5 stars,4 ratings,Not Available
20x Anti-Brass Fashion Jewelry Making Charms A3068 Squirrel Wholesale Supplies Pendant Craft DIY Vintage Alloys Necklace Bulk Supply Findings,5.0 out of 5 stars,2 ratings,Not Available
BAUNA Squirrel Jewelry for Squirrel Lovers Squirrel Bracelet Itâ€™s A Squirrel Thing Animal Lovers Gifts,4.6 out of 5 stars,26 ratings,In Stock
Colorful Enamel Unicorn Charms for Pandora Bracelets 925 Sterling Silver Animal Charms for Bracelets Unicorn Necklace Charm Bracelets for Girls (Squirrel Charm),4.5 out of 5 stars,12 ratings,Not Available
"CYCUFF 925 Sterling Silver Charms for Bracelets and Charm Necklaces, Bracelet Pendants Beads Jewellery Gift for Family Friends Women",4.6 out of 5 stars,65 ratings,Not Available
Cute Squirrel Keychain Stainless Steel Keyring Squirrel Gifts for Women Girls Car Key Backpack Charms,4.8 out of 5 stars,13 ratings,
8 Squirrel Antique Silver Tone Charms 2 Sided - SC2769,4.5 out of 5 stars,6 ratings,Not Available
"40pcs 2 Styles Alloy Cute Animal Squirrel Pendant Charms Acorn Pine Cone Nut Pendants Decoration Accessories for DIY Necklace Bracelet Keychains Jewelry Making, 2 Colors",2.0 out of 5 stars,1 rating,In Stock
GNOCE Squirrel Pendant Charms 925 Sterling Silver Animal Charm Fits All Charms Bracelet/Necklace For Women Birthday Gifts,4.3 out of 5 stars,79 ratings,Not Available
PROESS Highland Cow/Squirrel Necklace 925 Sterling Silver Sunflower Cow Pendant Necklace Cow Jewelry Animal Lover Gifts for Birthday Christmas,4.1 out of 5 stars,33 ratings,Not Available
Wine Charms Glass Markers12 Pcs Flamingo Wine Markers Flamingo Party Decorations Animal Goblet Marking Silicone Wine Glass Marking Label,4.1 out of 5 stars,38 ratings,In Stock
